Question,Reference Answer,GraphRAG Answer,RAG Answer,GraphRAG_BLEU,RAG_BLEU,BLEU_Difference
" കുന്തം തുടങ്ങിയ ഉപകരണങ്ങൾ ഉണ്ടാക്കാനും പഠിച്ചു.""","""ആദിമ മനുഷ്യർ കാട്ടുജന്തുക്കളിൽ നിന്നും രക്ഷനേടാൻ ഉരുളൻ കല്ല്"," ദ്വിമുഖ മാതൃശില എന്നിവയും ഉപയോഗിച്ചിരുന്നു.""",മഴയുടെ കാര്യം ഇവിടെ സൂചിപ്പിച്ചിട്ടുണ്ട്. 250 സെന്റിമീറ്റർ മുതൽ 400 സെന്റിമീറ്റർ വരെയാണ് ഈ കാലയളവിൽ പടിഞ്ഞാറൻ തീരത്തും പശ്ചിമഘട്ടത്തിന്റെ പടിഞ്ഞാറും ലഭിക്കുന്ന മഴ.,5.815868174415823,0.0,5.815868174415823
,,,,0.0,0.0,0.0
,,,,0.0,0.0,0.0
,,,,0.0,0.0,0.0
,,,,0.0,0.0,0.0
,,,,0.0,0.0,0.0
,,,,0.0,0.0,0.0
,,,,0.0,0.0,0.0
,,,,0.0,0.0,0.0
,,,,0.0,0.0,0.0
,,,,0.0,0.0,0.0
,,,,0.0,0.0,0.0
,,,,0.0,0.0,0.0
,,,,0.0,0.0,0.0
,,,,0.0,0.0,0.0
 വാണിജ്യം," നഗരങ്ങളുടെ വളർച്ച എന്നിവയായിരുന്നു.""",ബി.സി.ഇ ആറാം നൂറ്റാണ്ടിൽ ഗംഗാതടത്തിൽ പുതിയ ആശയങ്ങൾ (ജൈന-ബുദ്ധ മതങ്ങൾ) ഉയർന്നുവരാനുണ്ടായ സാമൂഹിക-സാമ്പത്തിക സാഹചര്യങ്ങൾ എന്തെന്ന് വ്യക്തമല്ല. ബുദ്ധമതം ഇന്ത്യയിലെ സാമൂഹിക-സാമ്പത്തിക വികസനത്തിൽ ഒരു പ്രധാന പങ്ക് വഹിച്ചിട്ടുണ്ട്.,,1.286713095960916,0.0,1.286713095960916
,,,,0.0,0.0,0.0
,,,,0.0,0.0,0.0
,,,,0.0,0.0,0.0
,,,,0.0,0.0,0.0
,,,,0.0,0.0,0.0
,,,,0.0,0.0,0.0
,,,,0.0,0.0,0.0
,,,,0.0,0.0,0.0
,,,,0.0,0.0,0.0
,,,,0.0,0.0,0.0
,,,,0.0,0.0,0.0
,,,,0.0,0.0,0.0
,,,,0.0,0.0,0.0
,,,,0.0,0.0,0.0
,,,,0.0,0.0,0.0
,,,,0.0,0.0,0.0
,,,,0.0,0.0,0.0
,,,,0.0,0.0,0.0
,,,,0.0,0.0,0.0
,,,,0.0,0.0,0.0
,,,,0.0,0.0,0.0
,,,,0.0,0.0,0.0
,,,,0.0,0.0,0.0
 മഥുര, പാടലീപുത്രം തുടങ്ങിയ നഗരങ്ങളുടെ പ്രൗഢി നഷ്ടപ്പെട്ടു.,,,0.0,0.0,0.0
,,,,0.0,0.0,0.0
,,,,0.0,0.0,0.0
 ബാങ്കിംഗ് തുടങ്ങിയ ദേശീയ പ്രാധാന്യമുള്ള വിഷയങ്ങൾ ഇതിൽപ്പെടുന്നു. ഈ വിഷയങ്ങളിൽ നിയമം നിർമ്മിക്കാൻ കേന്ദ്ര സർക്കാരിന് മാത്രമാണ് അധികാരം.,,,,0.0,0.0,0.0
 തദ്ദേശസ്വയംഭരണം തുടങ്ങിയ പ്രാദേശിക പ്രാധാന്യമുള്ള വിഷയങ്ങൾ ഇതിൽപ്പെടുന്നു. സാധാരണഗതിയിൽ ഈ വിഷയങ്ങളിൽ നിയമം നിർമ്മിക്കാൻ സംസ്ഥാന സർക്കാരുകൾക്കാണ് അധികാരം.,,,,0.0,0.0,0.0
 ട്രേഡ് യൂണിയനുകൾ തുടങ്ങിയ വിഷയങ്ങൾ ഇതിൽപ്പെടുന്നു. ഈ വിഷയങ്ങളിൽ കേന്ദ്ര സർക്കാരിനും സംസ്ഥാന സർക്കാരുകൾക്കും നിയമം നിർമ്മിക്കാൻ അധികാരമുണ്ട്.,,,,0.0,0.0,0.0
,,,,0.0,0.0,0.0
,,,,0.0,0.0,0.0
,,,,0.0,0.0,0.0
 വിദേശകാര്യം, നികുതിവരുമാനം എന്നിവയിൽ അധികാരങ്ങൾ ലഭിക്കുന്നു. ,,,0.0,0.0,0.0
 അടിസ്ഥാനസൌകര്യങ്ങൾ തുടങ്ങിയ മേഖലകളിൽ അധികാരങ്ങൾ നൽകിയിരിക്കുന്നു. ,,,,0.0,0.0,0.0
 പങ്കിട്ട. ,,,,0.0,0.0,0.0
 കേന്ദ്രഗവൺമെന്റിനും സംസ്ഥാനങ്ങൾക്കും തമ്മിൽ അധികാരവിഭജനം എങ്ങനെ നടക്കുന്നു എന്നതാണ്. ഇത് ഭരണഘടനയുടെ ഏഴാം പട്ടികയിൽ വിവരിച്ചിരിക്കുന്നു, അത് മൂന്ന് പട്ടികകളായി വിഭജിച്ചിരിക്കുന്നു: യൂണിയൻ ലിസ്റ്റ്, സംസ്ഥാന ലിസ്റ്റ്," പങ്കാത്മ്യ ലിസ്റ്റ്. ഈ വിഭജനം ഓരോ ഭരണസമൂഹത്തിനും അധികാരപരിധി നിർവചിക്കുന്നു.""",0.0,3.7477767366779213,-3.7477767366779213
,,,,0.0,0.0,0.0
,,,,0.0,0.0,0.0
,,,,0.0,0.0,0.0
,,,,0.0,0.0,0.0
,,,,0.0,0.0,0.0
"""ഇല്ല"," അത് സാധ്യമല്ല.""",,,0.0,0.0,0.0
 രാജാവ് ഉന്നത അധികാരം വഹിച്ചിരുന്നു. ഈ സമയത്ത്, ഭരണപരമായ തീരുമാനങ്ങൾ രാജാവിന്റെ വ്യക്തിഗത അധികാരത്തിന് കീഴിൽ എടുക്കപ്പെട്ടിരുന്നു. ,,,0.0,0.0,0.0
 അത് ഭരണത്തിന്റെ വ്യാപ്തി വിശാലമാക്കി. ,,,,0.0,0.0,0.0
,,,,0.0,0.0,0.0
,,,,0.0,0.0,0.0
"""ചാലൂക്യരുടെ ഭരണസമ്പ്രദായത്തിൽ"," രാജകുടുംബാംഗങ്ങളാണ് അധികാരം വഹിച്ചിരുന്നത്. ഈ സമ്പ്രദായത്തിലെ ഒരു ശ്രദ്ധേയമായ ഭരണാധികാരിയായിരുന്നു പുലികേശി രണ്ടാമൻ.""",,,0.0,0.0,0.0
 അതായത് ചോളന്മാരുടേയോ ഡൽഹി സുൽത്താനേറ്റിന്റെയോ പോലുള്ള വലിയ ഭരണപ്രദേശങ്ങൾ സ്ഥാപിക്കുന്നതിനും പരിപാലിക്കുന്നതിനുമുള്ള വെല്ലുവിളികൾ, അവ പരിഹരിക്കുന്നതിന് സമീപനങ്ങൾ ഉണ്ടാക്കും.,,,0.0,0.0,0.0
,,,,0.0,0.0,0.0
,,,,0.0,0.0,0.0
"""ചരിത്രപരമായി", വലിയ ഭരണപ്രദേശങ്ങൾ സ്ഥാപിക്കുന്നതും പരിപാലിക്കുന്നതും വെല്ലുവിളിയാണ്. എന്നാൽ," ഈ വെല്ലുവിളികൾ അഭിമുഖീകരിക്കുന്നതിൽ ആധുനിക തിരഞ്ഞെടുപ്പ് കമ്മീഷന് ഒരു പങ്കുണ്ട്.""",,4.196114906296549,0.0,4.196114906296549
,,,,0.0,0.0,0.0
,,,,0.0,0.0,0.0
Error generating answer,,,,0.0,0.0,0.0
 ഉപദ്വീപീയ നദികൾ ദശലക്ഷക്കണക്കിന് വർഷങ്ങളായി ഒഴുക്കിക്കൊണ്ടുവന്ന എക്കൽ നിക്ഷേപിച്ചാണ് ഉത്തരമഹാസമതലം രൂപപ്പെട്ടത്. ഈ എക്കൽ മണ്ണ് ഫലഭൂയിഷ്ഠവും നിരപ്പായ ഭൂപ്രകൃതിയും ആവശ്യത്തിന് ജലലഭ്യതയും കാർഷികവൃത്തിക്ക് വളരെ അനുയോജ്യമായ സാഹചര്യമൊരുക്കുന്നു. തൽഫലമായി, ഈ പ്രദേശം ഇന്ത്യയുടെ ധാന്യപ്പുരയായി മാറുകയും ഉയർന്ന ജനസാന്ദ്രതയുള്ള മേഖലയായി തീരുകയും ചെയ്തു.,,,0.0,0.0,0.0
,,,,0.0,0.0,0.0
 ബംഗാൾ ഉൾക്കടൽ എന്നിവയിലേക്ക് ഒഴുകുന്നു. ,,,,0.0,0.0,0.0
,,,,0.0,0.0,0.0
,,,,0.0,0.0,0.0
,,,,0.0,0.0,0.0
,,,,0.0,0.0,0.0
,,,,0.0,0.0,0.0
 സ്ഥിരമായി ഒഴുകുന്നവയാണ്, എന്നാൽ ഉപദ്വീപീയ നദികൾ ഋതുക്കൂടിച്ചേരുന്നവയാണ്, മഴക്കാലത്ത് മാത്രമേ ഒഴുകുകയുള്ളൂ. ഈ വ്യത്യാസം," പ്രാദേശിക ജലവിനിയോഗത്തിൽ ഗണ്യമായ ആഘാതങൾ സൃഷ്ടിക്കുന്നു.""",0.0,0.0,0.0
" രാജ്യത്തെ കാലാവസ്ഥാ വൈവിധ്യത്തിനും സ്വാഭാവിക സസ്യജാലങ്ങളിലെ വ്യത്യാസങ്ങൾക്കും കാരണമാകുന്നത് എങ്ങനെ?""","""ഇന്ത്യയുടെ ഓരോ ഭൂപ്രകൃതി വിഭാഗത്തിനും അതിൻ്റേതായ കാലാവസ്ഥാ സ്വാധീനമുണ്ട്. ഹിമാലയം ഒരു കാലാവസ്ഥാ വിഭജനിയായി പ്രവർത്തിക്കുകയും വടക്കുനിന്നുള്ള ശീതക്കാറ്റിനെ തടയുകയും ചെയ്യുന്നു. ഉയരം കൂടുന്നതിനനുസരിച്ച് താപനില കുറയുന്നത് പർവതമേഖലയിലെ സസ്യജാലങ്ങളെ സ്വാധീനിക്കുന്നു (ആൽപൈൻ സസ്യങ്ങൾ). പശ്ചിമഘട്ടം പോലുള്ള പർവതങ്ങൾ മഴമേഘങ്ങളെ തടഞ്ഞുനിർത്തുന്നത് മഴനിഴൽ പ്രദേശങ്ങൾ സൃഷ്ടിക്കുന്നു. ഈ കാലാവസ്ഥാ വ്യതിയാനങ്ങൾ ഓരോ പ്രദേശത്തും വ്യത്യസ്ത തരം സ്വാഭാവിക സസ്യജാലങ്ങൾ (നിത്യഹരിത വനങ്ങൾ", ഇലപൊഴിയും കാടുകൾ, മുൾക്കാടുകൾ ) വളരുന്നതിന് കാരണമാകുന്നു.,0.0,0.0010508701692453508,-0.0010508701692453508
 പീഠഭൂമികൾ, തീരപ്രദേശങ്ങൾ, മരുഭൂമി എന്നിങ്ങനെയുള്ള വ്യത്യസ്ത ഭൂപ്രകൃതികൾ വ്യത്യസ്ത ജീവിതരീതികൾക്കും ആചാരങ്ങൾക്കും ഭാഷകൾക്കും കൃഷിരീതികൾക്കും കാരണമായി. ഉദാഹരണത്തിന്, ഹിമാലയൻ താഴ്വരകളിലെ ജീവിതരീതി സമതലങ്ങളിലെ ജീവിതരീതിയിൽ നിന്നും പീഠഭൂമിയിലെ രീതികളിൽ നിന്നും വ്യത്യസ്തമാണ്. ഈ ഭൂമിശാസ്ത്രപരമായ ഒറ്റപ്പെടലും അനുരൂപീകരണവും കാലക്രമേണ ഇന്ത്യയുടെ സമ്പന്നമായ സാംസ്കാരിക ബഹുസ്വരതയ്ക്ക് അടിത്തറയിട്ടു.,0.0,0.0,0.0
 തൃതീയം) സംഭാവനകൾ മനസ്സിലാക്കുന്നതിന് ദേശീയ വരുമാനം കണക്കാക്കുന്നതിന് ഉൽപ്പന്ന രീതി, വരുമാന രീതി, ചെലവ് രീതി എന്നിങ്ങനേ മൂന്ന് സമീപനങ്ങൾ ഉപയോഗിക്കുന്നു.,,6.567274736060395,0.0,6.567274736060395
 തൃതീയം) ഉത്പാദിപ്പിക്കുന്ന എല്ലാ അടിസ്ഥാന ഉൽപ്പന്നങ്ങളുടെയും മൊത്തവില കണക്കാക്കുകയാണ്. ഈ രീതി, ഓരോ മേഖലയുടെയും സംഭാവനകൾ വ്യക്തമാക്കുന്നു, അവയുടെ പ്രവർത്തനങ്ങളെ മനസ്സിലാക്കുന്നതിൽ സഹായിക്കുന്നു.,,0.0,0.0,0.0
 ദേശീയ വരുമാനം എങ്ങനെ ജനങ്ങൾക്കിടയിൽ വിതരണം ചെയ്യപ്പെടുന്നുവെന്ന് മനസ്സിലാക്കുന്നതിൽ സഹായിക്കുന്നു.,,,,0.0,0.0,0.0
 നിക്ഷേപം) അളക്കുന്നത് ഉൾപ്പെടുന്നു. ഈ രീതി, സമ്പദ്ഘടനയെ പിന്തുണയ്ക്കുന്ന വിവിധ ചെലവ് ഘടകങ്ങളെ മനസ്സിലാക്കുന്നതിൽ സഹായിക്കുന്നു.,,,0.0,0.0,0.0
 ഈ സന്തുലിതാവസ്ഥയെ ബാധിക്കാറുണ്ട്. MSP ഉറപ്പാക്കുന്നതിലൂടെ, സർക്കാർ ഉൽപ്പാദകർക്ക് ഒരു പിന്തുണ നൽകുന്നു, ഇത് വിലയെ സ്വാധീനിക്കുകയും ചോദന-പ്രദാന സമതുലനത്തെ ബാധിക്കുകയും ചെയ്യുന്നു.,,0.0,0.0,0.0
 MSP താഴ്ന്നതിനാൽ, ഉൽപ്പാദകർക്ക് കുറഞ്ഞ ഉൽപ്പന്നങ്ങൾ മാത്രം ഉൽപ്പാദിപ്പിക്കാൻ പ്രേരണയുണ്ടാകും, ഇത് വില കുറയുന്നതിന് കാരണമാകും.,,0.0,0.0,0.0
,,,,0.0,0.0,0.0
,,,,0.0,0.0,0.0
 സാമൂഹിക സുരക്ഷാ പദ്ധതികളുടെ അഭാവം, തൊഴിൽ സ്ഥിരതയില്ലായ്മ എന്നിവ ഈ മേഖലയുടെ പ്രധാന വെല്ലുവിളികളാണ്. ഇന്ത്യയിലെ ഭൂരിഭാഗം തൊഴിലാളികളും ഈ മേഖലയിലാണ് പ്രവർത്തിക്കുന്നത്. അതുകൊണ്ടുതന്നെ, ഈ മേഖലയിലെ കുറഞ്ഞ ഉത്പാദനക്ഷമതയും തൊഴിലാളികളുടെ പിന്നാക്കാവസ്ഥയും രാജ്യത്തിന്റെ സാമ്പത്തിക വളർച്ചയെ പ്രതികൂലമായി ബാധിക്കാം. സ്ഥിതിവിവരക്കണക്കുകളുടെ അഭാവം മൂലം ദേശീയ വരുമാനത്തിൽ ഈ മേഖലയുടെ സംഭാവന പൂർണ്ണമായി കണക്കാക്കാൻ പ്രയാസമുണ്ട്. തൊഴിലാളികളുടെ സാമൂഹിക സുരക്ഷ ഉറപ്പാക്കാനുള്ള സർക്കാർ നിയമങ്ങൾ (ഉദാ: സാമൂഹിക സുരക്ഷാ കോഡ് 2020 ) ഈ മേഖലയിലെ പ്രശ്നങ്ങൾ ലഘൂകരിക്കാൻ ലക്ഷ്യമിടുന്നു.,,2.092817867871188,0.0,2.092817867871188
 ചെറുവ്യവസായങ്ങൾ, സേവനമേഖല തുടങ്ങിയ വിവിധ മേഖലകളിൽ അസംഘടിത മേഖല പ്രവർത്തിക്കുന്നു, ദരിദ്ര ജനസംഖ്യയ്ക്ക് ഉപജീവനമാർഗം പ്രദാനം ചെയ്തുകൊണ്ട് സാമ്പത്തിക വളർച്ചയിൽ ഒരു പങ്കുവഹിക്കുന്നു.,,0.0,0.0,0.0
 ഇന്ത്യൻ സർക്കാർ അസംഘടിത മേഖലയിലെ തൊഴിലാളികൾക്ക് നിയമപരമായ സംരക്ഷണങ്ങൾ നൽകുക, വ്യവസായങ്ങൾക്ക് പരിശീലനം നൽകുക, അടിസ്ഥാന സൌകര്യങ്ങൾ മെച്ചപ്പെടുത്തുക തുടങ്ങിയ നിരവധി പദ്ധതികൾ ആവിഷ്‌കരിച്ചിട്ടുണ്ട്.,,0.0,0.0,0.0
" ഈ മേഖലയുടെ വിഷയം പരാമർശിക്കപ്പെടുന്നില്ല.""",,,,0.0,0.0,0.0
,,,,0.0,0.0,0.0
 ഫാർമസ്യൂട്ടിക്കൽസ്, ബയോടെക്നോളജി തുടങ്ങിയ മേഖലകളിലെ ശക്തമായ വളർച്ചയ്ക്ക് കാരണമാകുന്നു. ,,,0.0,0.0,0.0
,,,,0.0,0.0,0.0
 ഇത് ഒടുവിൽ GVA-യിൽ സേവന രംഗത്തിന്റെ പങ്ക് വർദ്ധിപ്പിക്കുന്നു. ,,,,0.0,0.0,0.0
,,,,0.0,0.0,0.0
"""പടിഞ്ഞാറൻ തീരസമതലം അറബിക്കടലിനും പശ്ചിമഘട്ടത്തിനും ഇടയിൽ സ്ഥിതി ചെയ്യുന്ന ഇടുങ്ങിയ ഒരു ഭൂപ്രദേശമാണ്. ഇത് ഒരു താഴ്ത്തപ്പെട്ട തീരമായി (Submerged Coast) കണക്കാക്കപ്പെടുന്നു. ഇവിടെ കായലുകൾ (പ്രത്യേകിച്ച് മലബാർ തീരത്ത്) ഒരു പ്രധാന സവിശേഷതയാണ്. കിഴക്കൻ തീരസമതലം ബംഗാൾ ഉൾക്കടലിനും പൂർവ്വഘട്ടത്തിനും ഇടയിൽ താരതമ്യേന വീതികൂടിയതാണ്. ഇത് ഒരു ഉയർത്തപ്പെട്ട തീരമാണ് (Emerged Coast). മഹാനദി", ഗോദാവരി, കൃഷ്ണ, കാവേരി തുടങ്ങിയ വലിയ നദികൾ നിക്ഷേപിച്ചുണ്ടായ ഡെൽറ്റാ പ്രദേശങ്ങൾ ഈ തീരത്തിന്റെ പ്രത്യേകതയാണ്. പടിഞ്ഞാറൻ തീരത്തെ അപേക്ഷിച്ച് കിഴക്കൻ തീരത്ത് പ്രകൃതിദത്ത തുറമുഖങ്ങൾ കുറവാണ്.,0.0,0.0,0.0
 വീതി, നദികളുടെ സംഭാവന എന്നിവയുടെ അടിസ്ഥാനത്തിലുള്ള താരതമ്യം ഇതാ:,,,0.0,0.0,0.0
,,,,0.0,0.0,0.0
,,,,0.0,0.0,0.0
,,,,0.0,0.0,0.0
,,,,0.0,0.0,0.0
,,,,0.0,0.0,0.0
,,,,0.0,0.0,0.0
,,,,0.0,0.0,0.0
,,,,0.0,0.0,0.0
,,,,0.0,0.0,0.0
,,,,0.0,0.0,0.0
,,,,0.0,0.0,0.0
,,,,0.0,0.0,0.0
,,,,0.0,0.0,0.0
,,,,0.0,0.0,0.0
,,,,0.0,0.0,0.0
 പടിഞ്ഞാറൻ തീരസമതലത്തിൽ കൂടുതൽ വീതിയും താഴ്ന്ന പ്രദേശങ്ങളും ഉണ്ട്. എന്നാൽ കിഴക്കൻ തീരസമതലം ഇടുക്കിയതും ഉയർന്നതുമാണ്. പടിഞ്ഞാറൻ തീരസമതലത്തിലെ നദികൾ വളരെ ദൈർഘ്യമുള്ളവയാണ്," അവ പശ്ചിമഘട്ടത്തിലൂടെ ഒഴുകുന്നു. എന്നാൽ കിഴക്കൻ തീരസമതലത്തിലെ നദികൾ ഹിമാലയം മുതൽ ബംഗാൾ ഉൾക്കടൽ വരെ ഒഴുകുന്നു.""",,,0.0,0.0,0.0
 തീവ്രദേശീയത എന്നിവയും രണ്ടാം ലോകയുദ്ധത്തിലേക്ക് നയിച്ച ഫാസിസത്തിന്റെയും നാസിസത്തിന്റെയും വളർച്ച, അച്ചുതണ്ട് ശക്തികളുടെ രൂപീകരണം," പ്രീണനയം എന്നിവയും തമ്മിൽ ബന്ധപ്പെട്ടിരിക്കുന്നു.""",ഈ ചോദ്യത്തിന് ഉത്തരം നൽകുന്നതിന് മതിയായ വിവരങ്ങൾ ലഭ്യമല്ല.,0.0,0.0,0.0
"""സ്വാതന്ത്ര്യാനന്തര ഇന്ത്യയിൽ നാട്ടുരാജ്യങ്ങളെ ഇന്ത്യൻ യൂണിയനിൽ ലയിപ്പിക്കുക എന്നത് ശ്രമകരമായ ദൗത്യമായിരുന്നു. സർദാർ പട്ടേലിന്റെയും വി.പി. മേനോന്റെയും നേതൃത്വത്തിൽ തയ്യാറാക്കിയ ലയനക്കരാർ വഴിയും സൈനിക നടപടിയിലൂടെയും ആണ് ഇത് സാധ്യമായത്. ഇത് രാഷ്ട്രത്തിന്റെ അതിർത്തികൾ നിർണയിക്കുന്നതിനും പരമാധികാരം ഉറപ്പിക്കുന്നതിനുമുള്ള (രാഷ്ട്രതന്ത്രശാസ്ത്രത്തിലെ പ്രധാന ഘടകങ്ങൾ ) ശ്രമമായിരുന്നു. അതുപോലെ", ഭാഷാടിസ്ഥാനത്തിൽ സംസ്ഥാനങ്ങൾ രൂപീകരിക്കണമെന്ന ആവശ്യം ദേശീയതയുടെ ഒരു പ്രകടനം കൂടിയായിരുന്നു. ഒരു ഭാഷ സംസാരിക്കുന്ന ജനവിഭാഗത്തിന് ഒരു ഭരണപ്രദേശം വേണമെന്ന ചിന്ത ഇതിന് പിന്നിലുണ്ട്. സംസ്ഥാന പുനഃസംഘടനാ കമ്മീഷൻ രൂപീകരിച്ചതും 1956-ലെ പുനഃസംഘടനാ നിയമം വഴി 14 സംസ്ഥാനങ്ങളും 6 കേന്ദ്രഭരണ പ്രദേശങ്ങളും രൂപീകരിച്ചതും ഭാഷാപരമായ ദേശീയതയെ അംഗീകരിച്ചുകൊണ്ട് രാഷ്ട്രത്തെ പുനർനിർവചിക്കുന്നതിന്റെ ഭാഗമായിരുന്നു. ഈ രണ്ട് വെല്ലുവിളികളും രാഷ്ട്രത്തിന്റെ ഏകീകരണത്തിനും (Integration) ദേശീയ ഐക്യം ഊട്ടിയുറപ്പിക്കുന്നതിനും അത്യന്താപേക്ഷിതമായിരുന്നു, ഇവ രാഷ്ട്രതന്ത്രശാസ്ത്രത്തിലെ പ്രധാന പഠനവിഷയങ്ങളാണ്.,,0.0004849700019702859,0.0,0.0004849700019702859
 നാട്ടുരാജ്യ സംയോജനം, ഭാഷാടിസ്ഥാനത്തിലുള്ള സംസ്ഥാന പുനഃസംഘടന," രാഷ്ട്രതന്ത്രശാസ്ത്രം എന്നിവയെല്ലാം രാഷ്ട്ര രൂപീകരണത്തിന്റെയും ദേശീയതയുടെയും വിശാല തത്വങ്ങളെ പ്രതിഫലിപ്പിക്കുന്നു. ഈ സംഭവങ്ങൾ ഇന്ത്യയുടെ രാഷ്ട്രീയ ചരിത്രത്തിലെ പ്രധാന മാറ്റങ്ങളും വെല്ലുവിളികളും എടുത്തുകാണിക്കുന്നു.""",,0.0,0.0,0.0
 ചിലപ്പോൾ നിഗൂഢമായിരിക്കാം, സാമൂഹിക ബന്ധങ്ങളുടെയും പ്രവർത്തനങ്ങളുടെയും സങ്കീർണ്ണമായ അനുഭവങ്ങളെ പരാമർശിക്കുന്നു.,,,0.0,0.0,0.0
 സമൂഹത്തിലെ വ്യക്തിഗത അനുഭവങ്ങളിൽ നിന്ന് പരമായ സാമൂഹിക ഘടനകൾ വരെ," മനുഷ്യസമൂഹത്തിന്റെ പല വശങ്ങളും ഉൾക്കൊള്ളുന്നു.""",,,0.0,0.0,0.0
 വിവേചനാപരമായ ചുമതലകൾ. ,,,,0.0,0.0,0.0
,,,,0.0,0.0,0.0
,,,,0.0,0.0,0.0
,,,,0.0,0.0,0.0
,,,,0.0,0.0,0.0
,,,,0.0,0.0,0.0
,,,,0.0,0.0,0.0
,,,,0.0,0.0,0.0
,,,,0.0,0.0,0.0
,,,,0.0,0.0,0.0
,,,,0.0,0.0,0.0
 വിദ്യാഭ്യാസം എന്നിങ്ങനെയുള്ള പ്രധാന മേഖലകളിൽ, സർക്കാർ ശ്രദ്ധ ചെലുത്തണം. ,,,0.0,0.0,0.0
,,,,0.0,0.0,0.0
,,,,0.0,0.0,0.0
,,,,0.0,0.0,0.0
 വിദ്യാഭ്യാസം എന്നിങ്ങനെയുള്ള മേഖലകളിൽ ശ്രദ്ധ ചെലുത്തുന്നത് പ്രധാനമാണ്. ,,,,0.0,0.0,0.0
,,,,0.0,0.0,0.0
,,,,0.0,0.0,0.0
 സർക്കാർ ശ്രദ്ധ ചെലുത്തണം. ,,,,0.0,0.0,0.0
 ആരോഗ്യപരിപാലനം എന്നിങ്ങനെയുള്ള മേഖലകളിൽ, സർക്കാർ ശ്രദ്ധ ചെലുത്തണം. ,,,0.0,0.0,0.0
 സാമൂഹിക നീതി എന്നിങ്ങനെയുള്ള പ്രധാന മേഖലകളിലാണ്. ,,,,0.0,0.0,0.0
 വിദ്യാഭ്യാസം എന്നിങ്ങനെയുള്ള മേഖലകളിൽ, സർക്കാർ ശ്രദ്ധ ചെലുത്തുന്നത് പ്രധാനമാണ്. ,,,0.0,0.0,0.0
"""സ്വാതന്ത്ര്യാനന്തര ഇന്ത്യയുടെ പശ്ചാത്തലത്തിൽ", രാഷ്ട്രത്തിന്റെ ചുമതലകൾ വളരെ വ്യാപകമാണ്. നിർബന്ധിതമായ ചുമതലകളായ ക്രമസമാധാന പാലനം, അവകാശ സംരക്ഷണം എന്നിവയ്‌ക്കൊപ്പം, ക്ഷേമപ്രവർത്തനങ്ങൾ പോലുള്ള വിവേചനാപരമായ ചുമതലകളും രാഷ്ട്രം ഏറ്റെടുക്കുന്നു.,0.0,4.935157841536379,-4.935157841536379
 സാങ്കേതിക വിദ്യാ വികസനം, ശാസ്ത്ര-സാങ്കേതിക വിദ്യാ പ്രചാരണം എന്നിവയ്ക്ക് മുൻഗണന നൽകുന്നു. ഈ സ്ഥാപനങ്ങൾ, ശാസ്ത്ര-സാങ്കേതിക വിദ്യയെ ജനകീയമാക്കുന്നതിലൂടെ, രാജ്യത്തിന്റെ സാമ്പത്തിക-സാമൂഹിക വികസനത്തിലേക്ക് സംഭാവന നൽകുന്നു.,0.0,9.846052248031867,-9.846052248031867
 ആരോഗ്യ പരിപാലന പദ്ധതികൾ, വിദ്യാഭ്യാസ പദ്ധതികൾ എന്നിവ ഉൾപ്പെടുന്നു. ഈ പദ്ധതികൾ, രാജ്യത്തിലെ പാവപ്പെട്ടവരും അശക്തരുമായ വിഭാഗങ്ങളെ സഹായിക്കുന്നതിലൂടെ, അവരുടെ ജീവിത നിലവാരം മെച്ചപ്പെടുത്തുന്നതിന് സഹായിക്കുന്നു.,0.0,6.870636427700047,-6.870636427700047
,,,,0.0,0.0,0.0
 അവരുടെ പൗരബോധം എങ്ങനെ സമൂഹത്തെ സ്വാധീനിക്കുന്നു എന്ന് മനസ്സിലാക്കാം. അവരുടെ പ്രവർത്തനങ്ങൾ, സാമൂഹിക ഉത്തരവാദിത്തം, പരോപകാരം എന്നിവയിലൂടെ സമൂഹത്തിലെ മറ്റ് അംഗങ്ങളെയും പ്രചോദിപ്പിക്കുന്നു, ഇത് ഒരു ധനാത്മക സാമൂഹിക പ്രവർത്തന ചക്രത്തിലേക്ക് നയിക്കുന്നു.,0.0,5.522397783539471,-5.522397783539471
,,,,0.0,0.0,0.0
 സമൂഹത്തിലെ എല്ലാ അംഗങ്ങളും ഒരുമിച്ച് പ്രവർത്തിക്കുന്നതിലൂടെ, സാമൂഹിക ഉന്നമനത്തിന് പ്രചോദനവും പ്രേരണയും നൽകുന്നു.,,,0.0,0.0,0.0
 സാമൂഹിക പ്രശ്നങ്ങൾ എന്നിവയെ സ്വാധീനിക്കുന്നു, ഇത് സമൂഹത്തിലെ എല്ലാ അംഗങ്ങളുടെയും പുരോഗതിക്ക് സഹായിക്കുന്നു.,,,0.0,0.0,0.0
,,,,0.0,0.0,0.0
 സമൂഹത്തിലെ മറ്റ് അംഗങ്ങളിൽ പൗരബോധത്തിന്റെ വികാസത്തിന് കാരണമായി.,,,,0.0,0.0,0.0
,,,,0.0,0.0,0.0
 ഹേമന്തം, ശൈത്യം) കാരണമാകുന്നു. അതേസമയം, ഭൂമി അതിന്റെ അച്ചുതണ്ടിൽ സ്വയം കറങ്ങുന്നതാണ് ഭ്രമണം. പടിഞ്ഞാറ് നിന്ന് കിഴക്കോട്ടുള്ള ഈ ഭ്രമണം പൂർത്തിയാക്കാൻ 24 മണിക്കൂർ എടുക്കും. ഇതാണ് രാത്രിയും പകലും ഉണ്ടാക്കുന്നത്. ഓരോ ഡിഗ്രി രേഖാംശവും തിരിയാൻ 4 മിനിറ്റ് എടുക്കും എന്നതിനാൽ (360° തിരിയാൻ 1440 മിനിറ്റ്), വ്യത്യസ്ത രേഖാംശങ്ങളിലുള്ള സ്ഥലങ്ങളിൽ വ്യത്യസ്ത പ്രാദേശിക സമയം അനുഭവപ്പെടുന്നു. ഇങ്ങനെ ഭൂമിയുടെ രണ്ട് ചലനങ്ങൾ ഋതുക്കൾക്കും സമയ വ്യത്യാസങ്ങൾക്കും കാരണമാകുന്നു.,1.2193311110766474,4.5739135561238005,-3.354582445047153
,,,,0.0,0.0,0.0
,,,,0.0,0.0,0.0
,,,,0.0,0.0,0.0
 ഈ പരിക്രമണം മൂലമാണ് വർഷങ്ങൾ രൂപപ്പെടുന്നത്. ,,,,0.0,0.0,0.0
 ഈ സമയത്ത് ഭൂമിയുടെ അച്ചുതണ്ട് സൂര്യനോട് ഏറ്റവും അടുത്ത് കിടക്കുന്നു.,,,,0.0,0.0,0.0
,,,,0.0,0.0,0.0
,,,,0.0,0.0,0.0
 ഉപോഷ്ണ ഉച്ചമർദ്ദ മേഖലകളിൽ നിന്ന് മധ്യരേഖാ ന്യൂനമർദ്ദ മേഖലയിലേക്ക് വീശുന്നവയാണ് വാണിജ്യവാതങ്ങൾ. ഉപോഷ്ണ ഉച്ചമർദ്ദ മേഖലകളിൽ നിന്ന് ഉപധ്രുവീയ ന്യൂനമർദ്ദ മേഖലകളിലേക്ക് വീശുന്നവയാണ് പശ്ചിമവാതങ്ങൾ. പഴയകാലത്ത് പായ്ക്കപ്പൽ യാത്രികർക്ക് ഈ കാറ്റുകൾ വഴികാട്ടിയായിരുന്നു. വാണിജ്യവാതങ്ങൾ സമുദ്രവാണിജ്യത്തെ സഹായിച്ചു. വാസ്കോഡ ഗാമയ്ക്ക് ബ്രസീലിൽ നിന്ന് ദക്ഷിണാഫ്രിക്കയിലെത്താൻ സഹായിച്ചത് പശ്ചിമവാതങ്ങളായിരുന്നു. എന്നാൽ മലിന്ദിയിൽ നിന്ന് ഇന്ത്യയിലെത്താൻ തെക്കുപടിഞ്ഞാറൻ മൺസൂൺ കാറ്റുകളാണ് സഹായിച്ചത്.,,,,0.0,0.0,0.0
,,,,0.0,0.0,0.0
,,,,0.0,0.0,0.0
,,,,0.0,0.0,0.0
,,,,0.0,0.0,0.0
,,,,0.0,0.0,0.0
 അതേസമയം ഭൂമിയുടെ പരിക്രമണം നിർണ്ണയിക്കാൻ അദ്ദേഹത്തെ സഹായിച്ചു. ,,,,0.0,0.0,0.0
,,,,0.0,0.0,0.0
 അധ്വാനശേഷി എന്നിവ മെച്ചപ്പെടുത്തുന്നതിലൂടെ, ഒരു രാജ്യം തൊഴിലാളികളുടെ ഉൽപ്പാദനക്ഷമത വർദ്ധിപ്പിക്കാനും സാമ്പത്തിക അന്തരം കുറയ്ക്കാനും സംരംഭകത്വം പ്രോത്സാഹിപ്പിക്കാനും പ്രകൃതിവിഭവങ്ങൾ ഫലപ്രദമായി ഉപയോഗിക്കാനും സഹായിക്കുന്നു.,,,0.0,0.0,0.0
 ആരോഗ്യം, അധ്വാനശേഷി എന്നിവയിൽ ശ്രദ്ധ കേന്ദ്രീകരിച്ച്, മാനവവിഭവശേഷി വികസനത്തിനായി പ്രവർത്തിക്കുന്നു.,,0.0,0.0,0.0
 സ്കൂളുകൾ എന്നിവയിൽ വിദ്യാഭ്യാസ പരിപാടികൾ, ആരോഗ്യ പരിപാലന പരിപാടികൾ, അധ്വാനശേഷി വികസന പരിപാടികൾ എന്നിവ ഈ പദ്ധതികളിൽ ഉൾപ്പെടുന്നു.,,5.522397783539471,0.0,5.522397783539471
 ആരോഗ്യ-കുടുംബക്ഷേമ മന്ത്രാലയം തുടങ്ങിയവ ഈ സംവിധാനങ്ങളിൽ ഉൾപ്പെടുന്നു. കൂടാതെ, മാനവ വിഭവശേഷി വികസനത്തിനായി പ്രത്യേകം ലക്ഷ്യമിട്ടുള്ള പദ്ധതികളായ സർവ ശിക്ഷാ അഭിയാൻ," ആയുഷ്‌മാൻ ഭാരത് പദ്ധതി തുടങ്ങിയവയും നടപ്പാക്കിയിട്ടുണ്ട്.""",,0.0,0.0,0.0
 ഒരു പ്രത്യേക ഉയരത്തിലുള്ള എല്ലാ സ്ഥലങ്ങളെയും ബന്ധിപ്പിക്കുന്നു, അതുവഴി ഉയരത്തിലുള്ള വ്യത്യാസങ്ങൾ മനസ്സിലാക്കാൻ സഹായിക്കുന്നു.,,,0.0,0.0,0.0
 ഒരു സ്ഥലത്തിന്റെ സ്ഥാനം അളക്കുന്നു.,,,,0.0,0.0,0.0
 ഉദാഹരണത്തിന് 20 മീറ്റർ. ,,,,0.0,0.0,0.0
 ഓരോ ചതുരവും ഒരു പ്രത്യേക അക്ഷര-സംഖ്യ കോഡ് ഉപയോഗിച്ച് തിരിച്ചറിയാനാകും. ,,,,0.0,0.0,0.0
,,,,0.0,0.0,0.0
 ധനനയം എന്നിവയുടെ കാര്യങ്ങൾ ഉൾപ്പെടുത്തി, സമീകൃത വികസനം നേടുന്നതിന് ഈ ഘടകങ്ങൾ പരസ്പര ബന്ധത്തിലുള്ളവയാണ്.,,,0.0,0.0,0.0
 വരുമാന വിതരണം, ദാരിദ്ര്യം, പരിസ്ഥിതി സംരക്ഷണം എന്നിവയുൾപ്പെടെ വിവിധ മേഖലകളിലെ സാമ്പത്തിക ഘടകങ്ങളെ നിയന്ത്രിക്കുന്നതിലും ഒരു പങ്ക് വഹിക്കുന്നു.,,0.0,0.0,0.0
 ബഡ്ജെറ്റ് ഡെഫിസിറ്റ് ഉണ്ടാകുന്നു. ,,,,0.0,0.0,0.0
 ചെലവുകൾ കുറയ്ക്കൽ, പുതിയ വരുമാനസ്രോതസ്സുകൾ കണ്ടെത്തുന്നു. ,,,0.0,0.0,0.0
 സമ്പദ്‌വ്യവസ്ഥയെ സ്ഥിരത്വത്തിലേക്ക് നയിക്കുന്നു. ,,,,0.0,0.0,0.0
" ധനനയം എന്നിവയുടെ ഇടക്കുള്ള ബന്ധം സമ്പദ്‌വ്യവസ്ഥയുടെ ആരോഗ്യകരമായ വികസനത്തിന് അത്യന്താപേക്ഷിതമാണ്.""",,,,0.0,0.0,0.0
 വായുവിന്റെ ചലനത്തിന് കാരണമാകുന്നു, അതിനാൽ കാറ്റ് ഉണ്ടാകുന്നു.,,,0.0,0.0,0.0
 മൺസൂൺ കാറ്റുകൾ, കരക്കാറ്റ്, കടൽക്കാറ്റ് എന്നിവയുടെ രൂപീകരണത്തിലേക്ക് നയിക്കുന്നു, സമുദ്രങ്ങളിലെയും സമുദ്രങ്ങളിലെയും താപനിലയിലെ വ്യത്യാസങ്ങളും കാരണമാകുന്നു.,0.0,0.0,0.0
 വായുമണ്ഡലത്തിലെ മർദ്ദവ്യത്യാസങ്ങൾ എന്നിവയുടെ പരസ്പര പ്രവർത്തനങ്ങളിലൂടെ," കാലാവസ്ഥയുടെ വ്യത്യസ്ത രൂപങ്ങളുടെ നിർമ്മാണത്തിലേക്ക് നയിക്കുന്നു.""",,,0.0,0.0,0.0
 ജലാശയങ്ങൾ എന്നിവ ഒരു പ്രദേശത്ത് ജനവാസക്രമങ്ങളെ സ്വാധീനിക്കുന്നു. ഉദാഹരണത്തിന്, ഒരു പ്രദേശം ജലസമൃദ്ധമായതിനാൽ അവിടെ കൃഷി ചെയ്യാനും ജലസേചനം നടത്താനും സാധിക്കുന്നു, അത് ആ പ്രദേശത്തെ ജനവാസക്രമങ്ങളെ സ്വാധീനിക്കുന്നു.,,0.0,0.0,0.0
 ഗതാഗത സൗകര്യങ്ങൾ എന്നിവയും ഒരു പ്രദേശത്തെ ജനവാസക്രമങ്ങളെയും സാമ്പത്തിക പ്രവർത്തനങ്ങളെയും സ്വാധീനിക്കുന്നു. ഉദാഹരണത്തിന്, ഒരു പ്രദേശത്ത് ഗതാഗത സൗകര്യങ്ങൾ വികസിച്ചിട്ടുണ്ടെങ്കിൽ, അവിടെ വ്യവസായങ്ങൾ സ്ഥാപിക്കപ്പെടുന്നതിനും ജനവാസക്രമങ്ങൾ വർദ്ധിക്കുന്നതിനും സാധിക്കുന്നു.,,0.0,0.0,0.0
 ഉയരം, ജലാശയങ്ങൾ എന്നിവ പ്രദേശത്തിന്റെ കാലാവസ്ഥ, മണ്ണിനടിയിലുള്ള ജല ലഭ്യത," കൃഷി പ്രവർത്തനങ്ങൾ എന്നിവയെ സ്വാധീനിക്കുന്നു. ഇത് ജനവാസക്രമങ്ങളെയും സാമ്പത്തിക പ്രവർത്തനങ്ങളെയും നിയന്ത്രിക്കുന്നു.""",0.0,0.0,0.0
